0: [[140.0, 480, 782], [140.1, 480, 775], [140.2, 481, 766], [140.3, 482, 757], [140.4, 483, 748], [140.5, 484, 739], [140.6, 485, 730], [140.7, 486, 720], [140.8, 487, 713], [140.9, 488, 703], [141.0, 489, 691], [141.1, 490, 677], [141.2, 492, 657], [141.3, 493, 641], [141.4, 496, 580]],
1: [[140.0, 751, 606], [140.1, 753, 606], [140.2, 754, 604], [140.3, 756, 607], [140.4, 757, 607], [140.5, 758, 607], [140.6, 759, 607], [140.7, 761, 608], [140.8, 762, 609], [140.9, 763, 607], [141.0, 765, 609], [141.1, 765, 610], [141.2, 767, 607], [141.3, 768, 609], [141.4, 769, 611], [141.5, 771, 610], [141.6, 772, 608], [141.7, 773, 610], [141.8, 774, 611], [141.9, 776, 611], [142.0, 777, 610], [142.1, 779, 610], [142.2, 779, 612], [142.3, 781, 611], [142.4, 782, 611], [142.5, 783, 612], [142.6, 785, 612], [142.7, 786, 610], [142.8, 787, 611], [142.9, 789, 611], [143.0, 789, 613], [143.1, 791, 610], [143.2, 792, 612], [143.3, 793, 613], [143.4, 795, 610], [143.5, 796, 611], [143.6, 797, 612], [143.7, 798, 613], [143.8, 800, 610], [143.9, 801, 611], [144.0, 802, 612], [144.1, 803, 613], [144.2, 805, 610], [144.3, 806, 611], [144.4, 807, 612], [144.5, 809, 611], [144.6, 810, 609], [144.7, 811, 610], [144.8, 812, 611], [144.9, 813, 612], [145.0, 814, 611]],
2: [[140.0, 488, 540], [140.1, 483, 541], [140.2, 483, 541]],
3: [[140.0, 618, 537], [140.1, 620, 537], [140.2, 622, 538], [140.3, 624, 537], [140.4, 626, 538], [140.5, 627, 538], [140.6, 629, 538], [140.7, 631, 538], [140.8, 632, 538], [140.9, 634, 538], [141.0, 636, 537], [141.1, 638, 537], [141.2, 640, 537], [141.3, 641, 536], [141.4, 643, 536], [141.5, 645, 536], [141.6, 647, 536], [141.7, 649, 535], [141.8, 651, 535], [141.9, 654, 534], [142.0, 656, 534], [142.1, 658, 534], [142.2, 660, 534], [142.3, 663, 533], [142.4, 665, 533], [142.5, 668, 532], [142.6, 671, 533], [142.7, 674, 531], [142.8, 676, 532], [142.9, 679, 532], [143.0, 682, 531], [143.1, 685, 531], [143.2, 688, 530], [143.3, 691, 530], [143.4, 695, 530], [143.5, 698, 530], [143.6, 702, 529], [143.7, 705, 529], [143.8, 709, 529], [143.9, 593, 503], [144.0, 595, 503], [144.1, 598, 502], [144.2, 601, 502], [144.3, 604, 501], [144.4, 606, 501], [144.5, 610, 500], [144.6, 613, 500], [144.7, 616, 500], [144.8, 620, 499], [144.9, 623, 499], [145.0, 626, 498], [145.1, 629, 498], [145.2, 633, 497], [145.3, 636, 497], [145.4, 640, 496], [145.5, 643, 496], [145.6, 646, 496], [145.7, 650, 495], [145.8, 653, 495], [145.9, 656, 495], [146.0, 659, 494], [146.1, 663, 494], [146.2, 666, 494], [146.3, 670, 493], [146.4, 673, 493], [146.5, 676, 493], [146.6, 679, 493], [146.7, 682, 493], [146.8, 686, 493], [146.9, 689, 492], [147.0, 692, 492], [147.1, 696, 492], [147.2, 699, 492], [147.3, 702, 492], [147.4, 705, 492], [147.5, 709, 492], [147.6, 712, 492], [147.7, 715, 493], [147.8, 718, 494], [147.9, 722, 494], [148.0, 726, 494], [148.1, 728, 493], [148.2, 733, 493], [148.3, 736, 495], [148.4, 740, 495], [148.5, 744, 495], [148.6, 748, 495], [148.7, 751, 495], [148.8, 756, 496], [148.9, 760, 496], [149.0, 764, 496], [149.1, 768, 496], [149.2, 772, 497], [149.3, 776, 497], [149.4, 781, 497], [149.5, 785, 497], [149.6, 790, 498], [149.7, 794, 498], [149.8, 799, 498], [149.9, 803, 498], [150.0, 807, 499], [150.1, 811, 499], [150.2, 813, 499]],
4: [[140.0, 753, 531], [140.1, 754, 530], [140.2, 754, 529], [140.3, 755, 528], [140.4, 756, 527], [140.5, 757, 528], [140.6, 758, 526], [140.7, 758, 524], [140.8, 757, 522], [140.9, 755, 521], [141.0, 759, 522], [141.1, 753, 518], [141.2, 767, 607]],
5: [[140.0, 692, 516], [140.1, 696, 516], [140.2, 700, 516], [140.3, 704, 516], [140.4, 709, 516], [140.5, 714, 516], [140.6, 719, 516], [140.7, 724, 516], [140.8, 730, 516], [140.9, 736, 516], [141.0, 739, 517], [141.1, 753, 518]],
6: [[140.0, 773, 513], [140.1, 777, 512], [140.2, 780, 512], [140.3, 785, 511], [140.4, 790, 510], [140.5, 795, 509], [140.6, 799, 508], [140.7, 805, 507], [140.8, 811, 507]],
7: [[140.0, 525, 514], [140.1, 527, 514], [140.2, 529, 515], [140.3, 531, 514], [140.4, 532, 515], [140.5, 534, 516], [140.6, 536, 516], [140.7, 538, 517], [140.8, 543, 521], [140.9, 545, 524], [141.0, 547, 524], [141.1, 548, 524], [141.2, 544, 517], [141.3, 510, 534], [141.4, 511, 533], [141.5, 512, 532], [141.6, 514, 532], [141.7, 515, 532], [141.8, 516, 532], [141.9, 517, 531], [142.0, 519, 531], [142.1, 520, 530], [142.2, 522, 529], [142.3, 523, 529], [142.4, 525, 528], [142.5, 527, 528], [142.6, 529, 527], [142.7, 563, 516], [142.8, 561, 523], [142.9, 562, 521], [143.0, 562, 521], [143.1, 562, 521], [143.2, 561, 522], [143.3, 577, 507], [143.4, 580, 506], [143.5, 582, 506], [143.6, 584, 505], [143.7, 587, 504], [143.8, 589, 504], [143.9, 593, 503]],
8: [[140.0, 301, 489], [140.1, 301, 489], [140.2, 483, 541], [140.3, 484, 544], [140.4, 484, 544], [140.5, 484, 545], [140.6, 485, 546], [140.7, 485, 547], [140.8, 486, 546], [140.9, 486, 548], [141.0, 487, 547], [141.1, 488, 549], [141.2, 489, 550], [141.3, 488, 548], [141.4, 489, 549], [141.5, 490, 549], [141.6, 490, 550], [141.7, 491, 550], [141.8, 492, 550], [141.9, 517, 531]],
9: [[140.0, 329, 516], [140.1, 327, 514], [140.2, 273, 332], [140.3, 272, 333], [140.4, 272, 331], [140.5, 270, 331], [140.6, 270, 332], [140.7, 268, 330], [140.8, 268, 329], [140.9, 267, 329], [141.0, 267, 328], [141.1, 267, 328], [141.2, 267, 328], [141.3, 266, 326], [141.4, 266, 326], [141.5, 266, 326], [141.6, 266, 325], [141.7, 266, 325], [141.8, 265, 323], [141.9, 266, 324], [142.0, 266, 323], [142.1, 266, 323], [142.2, 267, 323], [142.3, 267, 323], [142.4, 267, 322], [142.5, 268, 323], [142.6, 269, 324], [142.7, 269, 324], [142.8, 272, 339], [142.9, 272, 341], [143.0, 272, 343], [143.1, 271, 343], [143.2, 271, 344], [143.3, 270, 345], [143.4, 270, 344], [143.5, 269, 345], [143.6, 269, 345], [143.7, 268, 345], [143.8, 268, 345], [143.9, 267, 344], [144.0, 267, 344], [144.1, 267, 344], [144.2, 267, 344], [144.3, 265, 343], [144.4, 265, 342], [144.5, 263, 342], [144.6, 262, 342], [144.7, 265, 343], [144.8, 264, 342]],
10: [[140.0, 525, 347], [140.1, 527, 347], [140.2, 530, 347], [140.3, 532, 346], [140.4, 535, 346], [140.5, 538, 346], [140.6, 541, 346], [140.7, 544, 346], [140.8, 547, 345], [140.9, 550, 345], [141.0, 554, 345], [141.1, 558, 345], [141.2, 561, 344], [141.3, 564, 344], [141.4, 570, 344], [141.5, 573, 344], [141.6, 577, 343], [141.7, 581, 343], [141.8, 588, 343], [141.9, 592, 343], [142.0, 597, 342], [142.1, 601, 342], [142.2, 608, 342], [142.3, 613, 342], [142.4, 618, 342], [142.5, 623, 341], [142.6, 629, 341], [142.7, 635, 341], [142.8, 640, 341], [142.9, 646, 341], [143.0, 651, 340], [143.1, 656, 340], [143.2, 665, 340], [143.3, 670, 339], [143.4, 677, 339], [143.5, 685, 339], [143.6, 691, 338], [143.7, 701, 338], [143.8, 708, 337], [143.9, 718, 337], [144.0, 727, 337], [144.1, 735, 336], [144.2, 744, 336], [144.3, 752, 336], [144.4, 760, 335], [144.5, 766, 335], [144.6, 774, 335], [144.7, 780, 335], [144.8, 786, 334], [144.9, 795, 334], [145.0, 801, 333], [145.1, 808, 332]],
11: [[140.0, 34, 336], [140.1, 42, 335], [140.2, 50, 334], [140.3, 59, 334], [140.4, 66, 333], [140.5, 73, 332], [140.6, 82, 331], [140.7, 92, 330], [140.8, 103, 329], [140.9, 114, 328], [141.0, 125, 327], [141.1, 136, 326], [141.2, 147, 325]],
12: [[140.0, 275, 333], [140.1, 274, 331], [140.2, 273, 332]],
13: [[140.0, 279, 323], [140.1, 279, 321], [140.2, 279, 320], [140.3, 279, 319], [140.4, 279, 317], [140.5, 279, 316], [140.6, 280, 315], [140.7, 280, 314], [140.8, 280, 312], [140.9, 281, 311], [141.0, 281, 311], [141.1, 281, 309], [141.2, 281, 307], [141.3, 282, 306], [141.4, 283, 305], [141.5, 283, 304], [141.6, 284, 302], [141.7, 284, 301], [141.8, 284, 300], [141.9, 284, 298], [142.0, 285, 297], [142.1, 285, 295], [142.2, 286, 294], [142.3, 298, 258], [142.4, 288, 290], [142.5, 288, 289], [142.6, 300, 253], [142.7, 300, 252], [142.8, 301, 251], [142.9, 307, 245], [143.0, 306, 246], [143.1, 308, 243], [143.2, 308, 241], [143.3, 309, 237], [143.4, 310, 236], [143.5, 310, 232], [143.6, 311, 231], [143.7, 311, 229], [143.8, 312, 226], [143.9, 312, 223], [144.0, 313, 220], [144.1, 313, 218], [144.2, 314, 215], [144.3, 314, 212], [144.4, 278, 8], [144.5, 279, 7], [144.6, 279, 6], [144.7, 279, 5], [144.8, 280, 4], [144.9, 280, 4], [145.0, 281, 4], [145.1, 282, 3], [145.2, 282, 3], [145.3, 283, 4], [145.4, 284, 5], [145.5, 285, 5], [145.6, 286, 7], [145.7, 287, 14]],
14: [[140.0, 468, 292], [140.1, 469, 289], [140.2, 470, 285], [140.3, 470, 283], [140.4, 469, 280], [140.5, 470, 278], [140.6, 470, 275], [140.7, 471, 270], [140.8, 470, 268], [140.9, 470, 265], [141.0, 470, 262], [141.1, 471, 259], [141.2, 471, 255], [141.3, 472, 250], [141.4, 471, 247], [141.5, 472, 243], [141.6, 472, 238], [141.7, 473, 233], [141.8, 473, 228], [141.9, 473, 224], [142.0, 473, 219], [142.1, 474, 213], [142.2, 473, 208], [142.3, 474, 202], [142.4, 474, 197], [142.5, 474, 192], [142.6, 474, 187], [142.7, 475, 180], [142.8, 474, 176], [142.9, 475, 170], [143.0, 475, 164], [143.1, 476, 158], [143.2, 476, 151], [143.3, 476, 145], [143.4, 476, 140], [143.5, 476, 133], [143.6, 478, 122], [143.7, 478, 114], [143.8, 478, 107], [143.9, 479, 98], [144.0, 479, 88], [144.1, 479, 81], [144.2, 480, 72], [144.3, 480, 64], [144.4, 480, 57], [144.5, 480, 50], [144.6, 481, 42], [144.7, 481, 35], [144.8, 481, 29], [144.9, 482, 22], [145.0, 483, 15], [145.1, 484, 7]],
15: [[140.0, 302, 290], [140.1, 301, 288], [140.2, 301, 288], [140.3, 301, 285], [140.4, 300, 283], [140.5, 299, 281], [140.6, 300, 280], [140.7, 298, 277], [140.8, 292, 271], [140.9, 290, 269], [141.0, 290, 268], [141.1, 289, 266], [141.2, 299, 271], [141.3, 282, 306]],
16: [[140.0, 278, 196], [140.1, 278, 196], [140.2, 278, 194], [140.3, 277, 192], [140.4, 278, 191], [140.5, 277, 189], [140.6, 277, 186], [140.7, 277, 185], [140.8, 278, 184], [140.9, 278, 181], [141.0, 278, 180], [141.1, 278, 178], [141.2, 278, 177], [141.3, 279, 174], [141.4, 279, 173], [141.5, 280, 170], [141.6, 279, 169], [141.7, 280, 166], [141.8, 281, 164], [141.9, 281, 162], [142.0, 282, 160], [142.1, 282, 158], [142.2, 282, 155], [142.3, 283, 153], [142.4, 283, 150], [142.5, 283, 148], [142.6, 284, 145], [142.7, 284, 142], [142.8, 284, 139], [142.9, 284, 136], [143.0, 285, 134], [143.1, 285, 131], [143.2, 285, 128], [143.3, 286, 124], [143.4, 286, 121], [143.5, 286, 117], [143.6, 286, 114], [143.7, 287, 110], [143.8, 287, 107], [143.9, 287, 103], [144.0, 287, 100], [144.1, 287, 95], [144.2, 288, 92], [144.3, 288, 88], [144.4, 288, 84], [144.5, 288, 80], [144.6, 288, 76], [144.7, 288, 72], [144.8, 288, 68], [144.9, 288, 63], [145.0, 289, 59], [145.1, 289, 55], [145.2, 289, 51], [145.3, 289, 46], [145.4, 288, 40], [145.5, 289, 36], [145.6, 289, 29], [145.7, 287, 14]],
17: [[140.0, 299, 123], [140.1, 300, 119], [140.2, 300, 115], [140.3, 299, 110], [140.4, 300, 105], [140.5, 300, 101], [140.6, 300, 97], [140.7, 300, 92], [140.8, 300, 86], [140.9, 299, 79], [141.0, 299, 72]],
18: [[140.0, 285, 64], [140.1, 286, 62], [140.2, 286, 61], [140.3, 287, 60], [140.4, 288, 59], [140.5, 289, 59], [140.6, 290, 58], [140.7, 291, 57], [140.8, 292, 57], [140.9, 293, 57], [141.0, 295, 60]],
19: [[140.0, 303, 43], [140.1, 304, 39], [140.2, 304, 34], [140.3, 304, 31], [140.4, 305, 27], [140.5, 306, 21], [140.6, 307, 15], [140.7, 309, 9], [140.8, 292, 57]],
20: [[140.1, 495, 537], [140.2, 495, 537], [140.3, 497, 537], [140.4, 498, 537], [140.5, 500, 537], [140.6, 501, 536], [140.7, 502, 536], [140.8, 503, 536], [140.9, 504, 535], [141.0, 506, 535], [141.1, 507, 535], [141.2, 508, 534]],
21: [[140.1, 210, 63], [140.2, 206, 62], [140.3, 203, 61]],
22: [[140.5, 207, 58], [140.6, 203, 57]],
23: [[140.8, 207, 54], [140.9, 204, 53], [141.0, 207, 51]],
24: [[140.8, 309, 4]],
25: [[141.2, 558, 538]],
26: [[141.2, 279, 259]],
27: [[141.2, 205, 49], [141.3, 206, 48]],
28: [[141.3, 552, 527], [141.4, 553, 527], [141.5, 555, 529], [141.6, 556, 528], [141.7, 559, 532], [141.8, 563, 536], [141.9, 565, 536], [142.0, 567, 536], [142.1, 568, 536], [142.2, 570, 536], [142.3, 571, 536], [142.4, 573, 536], [142.5, 561, 516], [142.6, 562, 517]],
29: [[141.3, 288, 264], [141.4, 288, 262], [141.5, 288, 261], [141.6, 287, 259], [141.7, 280, 254], [141.8, 279, 252]],
30: [[141.4, 494, 619], [141.5, 496, 579], [141.6, 497, 576], [141.7, 498, 574], [141.8, 498, 572], [141.9, 499, 571], [142.0, 500, 569], [142.1, 500, 569], [142.2, 500, 567], [142.3, 502, 567], [142.4, 503, 568], [142.5, 502, 563], [142.6, 504, 565], [142.7, 504, 564], [142.8, 505, 564], [142.9, 505, 562], [143.0, 505, 560], [143.1, 506, 562], [143.2, 507, 560], [143.3, 508, 562], [143.4, 508, 559]],
31: [[141.4, 495, 594], [141.5, 496, 579]],
32: [[141.4, 191, 322], [141.5, 235, 320], [141.6, 239, 318], [141.7, 242, 318], [141.8, 243, 317], [141.9, 245, 316], [142.0, 246, 316], [142.1, 247, 315], [142.2, 248, 315], [142.3, 248, 314], [142.4, 250, 314], [142.5, 250, 313], [142.6, 252, 312], [142.7, 252, 312], [142.8, 253, 311], [142.9, 253, 310], [143.0, 253, 310], [143.1, 254, 309], [143.2, 254, 309], [143.3, 254, 308]],
33: [[141.4, 224, 321], [141.5, 235, 320]],
34: [[141.5, 206, 45], [141.6, 203, 44], [141.7, 205, 43]],
35: [[141.8, 294, 263]],
36: [[141.9, 491, 549], [142.0, 492, 550], [142.1, 492, 549], [142.2, 493, 549], [142.3, 493, 549], [142.4, 490, 546], [142.5, 492, 548], [142.6, 493, 548], [142.7, 490, 546], [142.8, 476, 544], [142.9, 474, 544], [143.0, 472, 545], [143.1, 472, 545], [143.2, 471, 545], [143.3, 471, 546], [143.4, 471, 546], [143.5, 470, 546], [143.6, 470, 546], [143.7, 470, 547], [143.8, 470, 547], [143.9, 471, 547], [144.0, 470, 547], [144.1, 471, 548], [144.2, 471, 549], [144.3, 472, 549], [144.4, 473, 551], [144.5, 473, 552], [144.6, 474, 550], [144.7, 472, 551], [144.8, 475, 551]],
37: [[141.9, 279, 251], [142.0, 279, 249], [142.1, 279, 247], [142.2, 279, 246], [142.3, 279, 245], [142.4, 279, 244], [142.5, 279, 242], [142.6, 279, 239], [142.7, 279, 239], [142.8, 279, 236], [142.9, 279, 234], [143.0, 279, 232], [143.1, 280, 231], [143.2, 280, 229], [143.3, 280, 227], [143.4, 280, 224], [143.5, 280, 222], [143.6, 280, 219], [143.7, 279, 216], [143.8, 279, 213], [143.9, 280, 210], [144.0, 280, 207], [144.1, 279, 202], [144.2, 278, 194]],
38: [[141.9, 204, 40], [142.0, 205, 39], [142.1, 204, 37]],
39: [[142.2, 281, 495], [142.3, 279, 493], [142.4, 278, 492], [142.5, 276, 492], [142.6, 274, 491], [142.7, 272, 490], [142.8, 270, 490], [142.9, 258, 492]],
40: [[142.2, 321, 532], [142.3, 323, 536], [142.4, 323, 536], [142.5, 325, 541], [142.6, 325, 542], [142.7, 325, 543], [142.8, 326, 545], [142.9, 325, 643]],
41: [[142.3, 286, 292]],
42: [[142.3, 203, 35], [142.4, 205, 34], [142.5, 204, 32], [142.6, 204, 31], [142.7, 202, 30], [142.8, 204, 29]],
43: [[142.5, 575, 536], [142.6, 576, 536], [142.7, 578, 536], [142.8, 580, 537], [142.9, 581, 537], [143.0, 583, 536], [143.1, 585, 536], [143.2, 587, 536]],
44: [[142.5, 1, 485], [142.6, 7, 484], [142.7, 18, 484], [142.8, 29, 484], [142.9, 41, 484]],
45: [[142.6, 332, 809], [142.7, 332, 799], [142.8, 332, 788], [142.9, 332, 776], [143.0, 332, 764], [143.1, 328, 688]],
46: [[142.6, 289, 287], [142.7, 289, 285], [142.8, 289, 282], [142.9, 291, 279], [143.0, 290, 277], [143.1, 292, 273], [143.2, 292, 269]],
47: [[142.7, 531, 526], [142.8, 533, 527], [142.9, 536, 526], [143.0, 539, 524], [143.1, 542, 524], [143.2, 547, 523]],
48: [[142.8, 324, 567], [142.9, 324, 559]],
49: [[142.8, 568, 508], [142.9, 569, 509], [143.0, 571, 509], [143.1, 572, 508], [143.2, 575, 507]],
50: [[142.8, 249, 492], [142.9, 273, 489]],
51: [[142.9, 326, 547]],
52: [[142.9, 294, 254], [143.0, 295, 252], [143.1, 295, 252], [143.2, 294, 255]],
53: [[143.0, 326, 664]],
54: [[143.0, 204, 26], [143.1, 203, 25], [143.2, 203, 23]],
55: [[143.1, 331, 744]],
56: [[143.1, 67, 484], [143.2, 89, 485]],
57: [[143.2, 798, 534], [143.3, 799, 534], [143.4, 805, 528], [143.5, 802, 533], [143.6, 804, 533], [143.7, 800, 540], [143.8, 801, 540], [143.9, 804, 538], [144.0, 804, 539], [144.1, 805, 538], [144.2, 806, 538], [144.3, 807, 538], [144.4, 808, 538], [144.5, 808, 537], [144.6, 809, 537], [144.7, 810, 537], [144.8, 811, 536], [144.9, 811, 536], [145.0, 812, 535], [145.1, 812, 534], [145.2, 812, 533], [145.3, 812, 533], [145.4, 811, 532], [145.5, 810, 531], [145.6, 800, 529], [145.7, 808, 529], [145.8, 803, 528]],
58: [[143.2, 102, 486]],
59: [[143.3, 589, 536], [143.4, 592, 536], [143.5, 594, 536], [143.6, 597, 536], [143.7, 599, 536], [143.8, 602, 536], [143.9, 606, 536], [144.0, 609, 536], [144.1, 616, 537], [144.2, 614, 537], [144.3, 618, 537], [144.4, 636, 540], [144.5, 665, 558], [144.6, 666, 558], [144.7, 667, 558], [144.8, 669, 559], [144.9, 671, 559], [145.0, 671, 559], [145.1, 673, 560], [145.2, 675, 558], [145.3, 676, 558], [145.4, 677, 558], [145.5, 679, 558], [145.6, 680, 558], [145.7, 681, 559], [145.8, 683, 558], [145.9, 684, 558], [146.0, 686, 558], [146.1, 687, 557], [146.2, 689, 557], [146.3, 691, 557], [146.4, 692, 557], [146.5, 694, 556], [146.6, 696, 557], [146.7, 698, 556], [146.8, 699, 556], [146.9, 701, 555], [147.0, 703, 556], [147.1, 705, 555], [147.2, 707, 555], [147.3, 709, 555], [147.4, 711, 554], [147.5, 713, 554], [147.6, 715, 555], [147.7, 717, 554], [147.8, 720, 553], [147.9, 722, 553], [148.0, 724, 554], [148.1, 727, 554], [148.2, 697, 582], [148.3, 698, 582], [148.4, 698, 582], [148.5, 703, 590], [148.6, 704, 590], [148.7, 705, 589], [148.8, 705, 588], [148.9, 707, 589], [149.0, 707, 588], [149.1, 708, 589], [149.2, 709, 589], [149.3, 711, 589], [149.4, 712, 589], [149.5, 714, 590], [149.6, 693, 570], [149.7, 715, 590]],
60: [[143.3, 280, 17], [143.4, 281, 15], [143.5, 282, 14], [143.6, 276, 16], [143.7, 275, 17]],
61: [[143.4, 796, 541]],
62: [[143.4, 254, 307], [143.5, 256, 307], [143.6, 256, 306], [143.7, 255, 305], [143.8, 256, 305], [143.9, 257, 304], [144.0, 256, 303], [144.1, 257, 303], [144.2, 258, 302], [144.3, 258, 301], [144.4, 258, 301], [144.5, 259, 300], [144.6, 259, 299], [144.7, 259, 298], [144.8, 260, 298], [144.9, 261, 297], [145.0, 279, 369], [145.1, 279, 364], [145.2, 279, 361], [145.3, 279, 359], [145.4, 280, 357], [145.5, 281, 355], [145.6, 281, 353], [145.7, 282, 352], [145.8, 283, 350], [145.9, 285, 349], [146.0, 286, 346], [146.1, 288, 344], [146.2, 290, 342], [146.3, 293, 338], [146.4, 294, 338], [146.5, 296, 334], [146.6, 296, 333], [146.7, 298, 333], [146.8, 298, 331], [146.9, 299, 330], [147.0, 298, 329], [147.1, 299, 330], [147.2, 299, 328], [147.3, 299, 329], [147.4, 299, 327], [147.5, 300, 328], [147.6, 300, 326], [147.7, 300, 327], [147.8, 300, 326], [147.9, 251, 328], [148.0, 251, 327], [148.1, 250, 326], [148.2, 250, 325], [148.3, 251, 324], [148.4, 251, 323], [148.5, 252, 323], [148.6, 252, 322], [148.7, 252, 322], [148.8, 252, 321], [148.9, 252, 320], [149.0, 252, 319], [149.1, 253, 319], [149.2, 253, 319], [149.3, 253, 319], [149.4, 254, 318], [149.5, 254, 318], [149.6, 254, 319], [149.7, 255, 316], [149.8, 254, 317], [149.9, 255, 316], [150.0, 255, 317], [150.1, 255, 317], [150.2, 256, 317], [150.3, 256, 317], [150.4, 256, 316], [150.5, 257, 316], [150.6, 257, 316], [150.7, 257, 317], [150.8, 257, 317], [150.9, 257, 317], [151.0, 257, 317], [151.1, 257, 317], [151.2, 257, 317], [151.3, 257, 316], [151.4, 257, 316], [151.5, 256, 316], [151.6, 256, 316], [151.7, 256, 316], [151.8, 256, 316], [151.9, 256, 316], [152.0, 256, 316], [152.1, 295, 312], [152.2, 291, 313], [152.3, 295, 311], [152.4, 292, 312], [152.5, 290, 313], [152.6, 288, 313], [152.7, 287, 314], [152.8, 286, 314], [152.9, 285, 315], [153.0, 284, 315], [153.1, 283, 316], [153.2, 282, 317], [153.3, 280, 318], [153.4, 279, 318], [153.5, 277, 319], [153.6, 275, 320], [153.7, 273, 321], [153.8, 271, 322], [153.9, 269, 322], [154.0, 265, 322]],
63: [[143.4, 203, 21], [143.5, 204, 20], [143.6, 203, 18]],
64: [[143.5, 479, 750], [143.6, 480, 759], [143.7, 480, 765], [143.8, 480, 772], [143.9, 481, 778], [144.0, 481, 783], [144.1, 481, 788], [144.2, 481, 794], [144.3, 481, 799], [144.4, 480, 808], [144.5, 481, 811]],
65: [[143.5, 477, 702], [143.6, 477, 681], [143.7, 477, 663], [143.8, 477, 647], [143.9, 478, 630], [144.0, 478, 616], [144.1, 480, 584], [144.2, 480, 581], [144.3, 481, 578], [144.4, 481, 575], [144.5, 481, 574], [144.6, 482, 572], [144.7, 482, 569], [144.8, 483, 571]],
66: [[143.5, 509, 561], [143.6, 510, 559], [143.7, 510, 559], [143.8, 511, 560], [143.9, 512, 560], [144.0, 512, 558], [144.1, 513, 559], [144.2, 514, 558], [144.3, 515, 558], [144.4, 515, 557], [144.5, 516, 557], [144.6, 517, 557], [144.7, 517, 556], [144.8, 517, 554], [144.9, 518, 553], [145.0, 519, 555], [145.1, 520, 554], [145.2, 521, 552], [145.3, 521, 552], [145.4, 521, 552], [145.5, 523, 550], [145.6, 524, 551], [145.7, 524, 550], [145.8, 525, 548], [145.9, 526, 547], [146.0, 527, 546], [146.1, 528, 546], [146.2, 530, 544], [146.3, 532, 543], [146.4, 535, 543], [146.5, 587, 552], [146.6, 600, 559], [146.7, 547, 542], [146.8, 558, 542]],
67: [[143.5, 65, 337], [143.6, 57, 337], [143.7, 50, 336], [143.8, 44, 335], [143.9, 38, 335], [144.0, 34, 335], [144.1, 29, 335], [144.2, 23, 335], [144.3, 22, 335], [144.4, 7, 335], [144.5, 5, 335], [144.6, 3, 335]],
68: [[143.6, 290, 7], [143.7, 291, 5], [143.8, 292, 2], [143.9, 289, 2], [144.0, 277, 12], [144.1, 277, 10], [144.2, 278, 9], [144.3, 278, 9]],
69: [[143.7, 812, 527], [143.8, 813, 526], [143.9, 812, 526]],
70: [[143.7, 153, 339], [143.8, 170, 339], [143.9, 186, 338], [144.0, 200, 338], [144.1, 230, 336], [144.2, 235, 335], [144.3, 238, 335], [144.4, 241, 335], [144.5, 243, 334], [144.6, 246, 334], [144.7, 244, 334], [144.8, 247, 334]],
71: [[143.8, 203, 16], [143.9, 204, 15], [144.0, 204, 13]],
72: [[143.8, 275, 16], [143.9, 277, 13]],
73: [[143.9, 651, 551], [144.0, 659, 558], [144.1, 661, 561]],
74: [[143.9, 713, 529], [144.0, 716, 528], [144.1, 720, 528], [144.2, 724, 528], [144.3, 727, 528], [144.4, 732, 528], [144.5, 736, 528], [144.6, 740, 528], [144.7, 744, 527], [144.8, 748, 527], [144.9, 752, 527], [145.0, 757, 527], [145.1, 760, 527], [145.2, 764, 527], [145.3, 769, 527], [145.4, 775, 527]],
75: [[143.9, 257, 159], [144.0, 257, 157], [144.1, 255, 156], [144.2, 265, 162], [144.3, 257, 154], [144.4, 257, 152], [144.5, 257, 151], [144.6, 256, 149], [144.7, 256, 148], [144.8, 256, 146], [144.9, 256, 145], [145.0, 256, 144], [145.1, 256, 143], [145.2, 256, 141], [145.3, 256, 140], [145.4, 257, 139], [145.5, 257, 137], [145.6, 257, 136], [145.7, 257, 134], [145.8, 258, 133], [145.9, 257, 132], [146.0, 258, 130], [146.1, 258, 129], [146.2, 258, 126], [146.3, 258, 125], [146.4, 259, 124], [146.5, 259, 122], [146.6, 259, 121], [146.7, 259, 118], [146.8, 260, 116], [146.9, 259, 115], [147.0, 260, 113], [147.1, 261, 111], [147.2, 260, 109], [147.3, 261, 107], [147.4, 260, 105], [147.5, 262, 103], [147.6, 261, 100], [147.7, 262, 99], [147.8, 262, 96], [147.9, 262, 94], [148.0, 262, 92], [148.1, 262, 89], [148.2, 234, 119], [148.3, 234, 118], [148.4, 233, 117], [148.5, 233, 116], [148.6, 234, 116], [148.7, 235, 115], [148.8, 236, 115], [148.9, 227, 109], [149.0, 227, 108], [149.1, 227, 107], [149.2, 227, 106], [149.3, 227, 105], [149.4, 226, 104], [149.5, 226, 102], [149.6, 226, 101], [149.7, 226, 100], [149.8, 226, 99], [149.9, 226, 97], [150.0, 226, 97], [150.1, 226, 95], [150.2, 226, 94], [150.3, 226, 93], [150.4, 226, 92], [150.5, 226, 91], [150.6, 226, 89], [150.7, 225, 88], [150.8, 225, 87], [150.9, 226, 86], [151.0, 225, 85], [151.1, 226, 82], [151.2, 226, 81], [151.3, 226, 79], [151.4, 226, 79], [151.5, 226, 77], [151.6, 226, 75], [151.7, 226, 74], [151.8, 226, 72], [151.9, 226, 71], [152.0, 226, 69], [152.1, 226, 67], [152.2, 226, 66], [152.3, 226, 64], [152.4, 226, 62], [152.5, 226, 61], [152.6, 225, 59], [152.7, 225, 57], [152.8, 225, 55], [152.9, 225, 53], [153.0, 225, 52], [153.1, 225, 50], [153.2, 225, 48], [153.3, 224, 46], [153.4, 224, 44], [153.5, 224, 42], [153.6, 224, 40], [153.7, 224, 38], [153.8, 224, 35], [153.9, 223, 33], [154.0, 223, 31], [154.1, 223, 29], [154.2, 223, 27], [154.3, 223, 24], [154.4, 222, 22], [154.5, 222, 19], [154.6, 195, 70], [154.7, 190, 63], [154.8, 189, 64], [154.9, 189, 61], [155.0, 189, 59], [155.1, 191, 63], [155.2, 188, 59], [155.3, 189, 60], [155.4, 187, 57], [155.5, 187, 57], [155.6, 186, 55], [155.7, 186, 55], [155.8, 184, 52], [155.9, 184, 51], [156.0, 184, 50], [156.1, 183, 49], [156.2, 183, 48], [156.3, 182, 47], [156.4, 181, 45], [156.5, 181, 44], [156.6, 181, 43], [156.7, 180, 42], [156.8, 180, 41], [156.9, 179, 39], [157.0, 179, 38], [157.1, 178, 37], [157.2, 177, 36], [157.3, 178, 35], [157.4, 177, 33], [157.5, 177, 32], [157.6, 175, 30], [157.7, 176, 30], [157.8, 174, 28], [157.9, 175, 27], [158.0, 173, 25], [158.1, 174, 24], [158.2, 172, 22], [158.3, 173, 22], [158.4, 172, 20], [158.5, 172, 19], [158.6, 171, 17], [158.7, 170, 16], [158.8, 170, 14], [158.9, 169, 13], [159.0, 169, 11], [159.1, 168, 10], [159.2, 168, 8], [159.3, 167, 6], [159.4, 167, 4]],
76: [[143.9, 270, 170], [144.0, 270, 169], [144.1, 271, 175], [144.2, 265, 162]],
77: [[144.0, 641, 544]],
78: [[144.1, 638, 543]],
79: [[144.2, 661, 559], [144.3, 662, 557], [144.4, 663, 557]],
80: [[144.2, 204, 11], [144.3, 204, 10], [144.4, 204, 8]],
81: [[144.3, 649, 545]],
82: [[144.3, 271, 164]],
83: [[144.3, 278, 191]],
84: [[144.4, 315, 208], [144.5, 315, 206], [144.6, 316, 203], [144.7, 316, 199], [144.8, 317, 196], [144.9, 317, 193], [145.0, 318, 190], [145.1, 318, 187], [145.2, 319, 183], [145.3, 319, 180], [145.4, 319, 176], [145.5, 320, 173], [145.6, 320, 170], [145.7, 321, 166], [145.8, 320, 163], [145.9, 321, 160], [146.0, 322, 156], [146.1, 322, 153], [146.2, 322, 150], [146.3, 322, 146], [146.4, 323, 143], [146.5, 323, 140], [146.6, 323, 137], [146.7, 322, 133], [146.8, 323, 130], [146.9, 323, 127], [147.0, 322, 124], [147.1, 322, 121], [147.2, 323, 117], [147.3, 322, 114], [147.4, 322, 111], [147.5, 323, 108], [147.6, 323, 104], [147.7, 323, 101], [147.8, 323, 97], [147.9, 322, 94], [148.0, 322, 90], [148.1, 322, 87], [148.2, 321, 83], [148.3, 322, 80], [148.4, 321, 76], [148.5, 321, 72], [148.6, 321, 68], [148.7, 320, 64], [148.8, 320, 60], [148.9, 320, 56], [149.0, 320, 52], [149.1, 319, 48], [149.2, 319, 44], [149.3, 319, 39], [149.4, 319, 35], [149.5, 318, 31], [149.6, 318, 26], [149.7, 318, 22], [149.8, 318, 18], [149.9, 317, 12], [150.0, 317, 8], [150.1, 317, 4], [150.2, 317, 1], [150.3, 263, 28], [150.4, 263, 25], [150.5, 263, 22], [150.6, 263, 18], [150.7, 263, 15], [150.8, 263, 12], [150.9, 263, 9], [151.0, 263, 6], [151.1, 263, 2]],
85: [[144.6, 204, 6], [144.7, 205, 5], [144.8, 204, 3], [144.9, 203, 2], [145.0, 204, 1], [145.1, 203, 1]],
86: [[144.9, 443, 537], [145.0, 451, 537], [145.1, 453, 537], [145.2, 455, 537], [145.3, 457, 537], [145.4, 459, 536], [145.5, 460, 536], [145.6, 462, 534], [145.7, 463, 534], [145.8, 465, 533], [145.9, 467, 531], [146.0, 469, 529], [146.1, 473, 526], [146.2, 474, 525], [146.3, 477, 522], [146.4, 479, 521], [146.5, 480, 521], [146.6, 483, 519], [146.7, 483, 519], [146.8, 484, 518], [146.9, 485, 518], [147.0, 486, 518], [147.1, 486, 517], [147.2, 487, 517], [147.3, 488, 517], [147.4, 488, 516], [147.5, 488, 516], [147.6, 481, 567], [147.7, 481, 567], [147.8, 491, 565], [147.9, 488, 566], [148.0, 489, 565], [148.1, 490, 565], [148.2, 491, 565], [148.3, 492, 565], [148.4, 492, 564], [148.5, 493, 564], [148.6, 494, 564], [148.7, 494, 563], [148.8, 495, 564], [148.9, 495, 564], [149.0, 496, 563], [149.1, 497, 562], [149.2, 497, 563], [149.3, 497, 562], [149.4, 498, 563], [149.5, 522, 547], [149.6, 520, 545], [149.7, 522, 548], [149.8, 519, 545], [149.9, 518, 544], [150.0, 514, 541], [150.1, 518, 544], [150.2, 515, 542], [150.3, 513, 540], [150.4, 499, 559], [150.5, 500, 560], [150.6, 499, 559], [150.7, 500, 560], [150.8, 499, 560], [150.9, 499, 560], [151.0, 499, 560], [151.1, 499, 560], [151.2, 499, 560], [151.3, 499, 559], [151.4, 500, 560], [151.5, 500, 560], [151.6, 500, 560], [151.7, 500, 560], [151.8, 500, 560], [151.9, 500, 561], [152.0, 500, 561], [152.1, 500, 561], [152.2, 500, 560], [152.3, 500, 561], [152.4, 500, 561], [152.5, 501, 562]],
87: [[144.9, 365, 535], [145.0, 342, 535], [145.1, 340, 535], [145.2, 337, 534], [145.3, 334, 534], [145.4, 332, 533], [145.5, 333, 533], [145.6, 330, 532]],
88: [[144.9, 345, 535], [145.0, 342, 535]],
89: [[144.9, 281, 454], [145.0, 281, 472], [145.1, 281, 476], [145.2, 282, 479], [145.3, 282, 481], [145.4, 282, 483], [145.5, 284, 488], [145.6, 284, 488]],
90: [[144.9, 279, 376]],
91: [[145.0, 261, 296], [145.1, 261, 296], [145.2, 262, 295], [145.3, 263, 294], [145.4, 263, 294], [145.5, 264, 293], [145.6, 265, 292], [145.7, 266, 292], [145.8, 267, 291], [145.9, 268, 290], [146.0, 269, 289], [146.1, 270, 288], [146.2, 271, 286], [146.3, 272, 284], [146.4, 273, 282], [146.5, 266, 238], [146.6, 270, 242], [146.7, 270, 243], [146.8, 262, 223]],
